Workbook

Sheet Sheet1
A1: Index | B1: Hex | C1: Name | D1: Custom | E1: Base | F1: Map | G1: Attr | H1: Error
A2: 0 | B2: =RIGHT("0"&DEC2HEX(A2),2) -> 00 | C2: Empty | D2: 1 | E2: 1 | F2: =TEXT(DEC2HEX(IF(D2,128 + E2, E2/4)),"00") -> 81 | G2: =IF(D2,"00",VLOOKUP(E2,Sheet2!$A:$B,2)) -> 00 | H2: =IF(D2,"",IF(_xlfn.BITAND(E2,3),"Error","")) | I2: ="DATA BYTE $"&F2&", $"& G2&" ' "&A2&" - "&C2&IF(D2," [*]","") -> DATA BYTE $81, $00 ' 0 - Empty [*]
A3: 1 | B3: =RIGHT("0"&DEC2HEX(A3),2) -> 01 | C3: Zonk | D3: 0 | E3: 196 | F3: =TEXT(DEC2HEX(IF(D3,128 + E3, E3/4)),"00") -> 31 | G3: =IF(D3,"00",VLOOKUP(E3,Sheet2!$A:$B,2)) -> 04 | H3: =IF(D3,"",IF(_xlfn.BITAND(E3,3),"Error","")) | I3: ="DATA BYTE $"&F3&", $"& G3&" ' "&A3&" - "&C3&IF(D3," [*]","") -> DATA BYTE $31, $04 ' 1 - Zonk
A4: 2 | B4: =RIGHT("0"&DEC2HEX(A4),2) -> 02 | C4: Base | D4: 0 | E4: 8 | F4: =TEXT(DEC2HEX(IF(D4,128 + E4, E4/4)),"00") -> 02 | G4: =IF(D4,"00",VLOOKUP(E4,Sheet2!$A:$B,2)) -> 02 | H4: =IF(D4,"",IF(_xlfn.BITAND(E4,3),"Error","")) | I4: ="DATA BYTE $"&F4&", $"& G4&" ' "&A4&" - "&C4&IF(D4," [*]","") -> DATA BYTE $02, $02 ' 2 - Base
A5: 3 | B5: =RIGHT("0"&DEC2HEX(A5),2) -> 03 | C5: Murphy | D5: 0 | E5: 184 | F5: =TEXT(DEC2HEX(IF(D5,128 + E5, E5/4)),"00") -> 2E | G5: =IF(D5,"00",VLOOKUP(E5,Sheet2!$A:$B,2)) -> 00 | H5: =IF(D5,"",IF(_xlfn.BITAND(E5,3),"Error","")) | I5: ="DATA BYTE $"&F5&", $"& G5&" ' "&A5&" - "&C5&IF(D5," [*]","") -> DATA BYTE $2E, $00 ' 3 - Murphy
A6: 4 | B6: =RIGHT("0"&DEC2HEX(A6),2) -> 04 | C6: Infotron | D6: 1 | E6: 13 | F6: =TEXT(DEC2HEX(IF(D6,128 + E6, E6/4)),"00") -> 8D | G6: =IF(D6,"00",VLOOKUP(E6,Sheet2!$A:$B,2)) -> 00 | H6: =IF(D6,"",IF(_xlfn.BITAND(E6,3),"Error","")) | I6: ="DATA BYTE $"&F6&", $"& G6&" ' "&A6&" - "&C6&IF(D6," [*]","") -> DATA BYTE $8D, $00 ' 4 - Infotron [*]
A7: 5 | B7: =RIGHT("0"&DEC2HEX(A7),2) -> 05 | C7: RAM chip - Chip | D7: 0 | E7: 124 | F7: =TEXT(DEC2HEX(IF(D7,128 + E7, E7/4)),"00") -> 1F | G7: =IF(D7,"00",VLOOKUP(E7,Sheet2!$A:$B,2)) -> 04 | H7: =IF(D7,"",IF(_xlfn.BITAND(E7,3),"Error","")) | I7: ="DATA BYTE $"&F7&", $"& G7&" ' "&A7&" - "&C7&IF(D7," [*]","") -> DATA BYTE $1F, $04 ' 5 - RAM chip - Chip
A8: 6 | B8: =RIGHT("0"&DEC2HEX(A8),2) -> 06 | C8: Wall | D8: 0 | E8: 24 | F8: =TEXT(DEC2HEX(IF(D8,128 + E8, E8/4)),"00") -> 06 | G8: =IF(D8,"00",VLOOKUP(E8,Sheet2!$A:$B,2)) -> 04 | H8: =IF(D8,"",IF(_xlfn.BITAND(E8,3),"Error","")) | I8: ="DATA BYTE $"&F8&", $"& G8&" ' "&A8&" - "&C8&IF(D8," [*]","") -> DATA BYTE $06, $04 ' 6 - Wall
A9: 7 | B9: =RIGHT("0"&DEC2HEX(A9),2) -> 07 | C9: Exit | D9: 0 | E9: 28 | F9: =TEXT(DEC2HEX(IF(D9,128 + E9, E9/4)),"00") -> 07 | G9: =IF(D9,"00",VLOOKUP(E9,Sheet2!$A:$B,2)) -> 04 | H9: =IF(D9,"",IF(_xlfn.BITAND(E9,3),"Error","")) | I9: ="DATA BYTE $"&F9&", $"& G9&" ' "&A9&" - "&C9&IF(D9," [*]","") -> DATA BYTE $07, $04 ' 7 - Exit
A10: 8 | B10: =RIGHT("0"&DEC2HEX(A10),2) -> 08 | C10: Floppy - Orange | D10: 0 | E10: 192 | F10: =TEXT(DEC2HEX(IF(D10,128 + E10, E10/4)),"00") -> 30 | G10: =IF(D10,"00",VLOOKUP(E10,Sheet2!$A:$B,2)) -> 06 | H10: =IF(D10,"",IF(_xlfn.BITAND(E10,3),"Error","")) | I10: ="DATA BYTE $"&F10&", $"& G10&" ' "&A10&" - "&C10&IF(D10," [*]","") -> DATA BYTE $30, $06 ' 8 - Floppy - Orange
A11: 9 | B11: =RIGHT("0"&DEC2HEX(A11),2) -> 09 | C11: Port - Right | D11: 0 | E11: 20 | F11: =TEXT(DEC2HEX(IF(D11,128 + E11, E11/4)),"00") -> 05 | G11: =IF(D11,"00",VLOOKUP(E11,Sheet2!$A:$B,2)) -> 04 | H11: =IF(D11,"",IF(_xlfn.BITAND(E11,3),"Error","")) | I11: ="DATA BYTE $"&F11&", $"& G11&" ' "&A11&" - "&C11&IF(D11," [*]","") -> DATA BYTE $05, $04 ' 9 - Port - Right
A12: 10 | B12: =RIGHT("0"&DEC2HEX(A12),2) -> 0A | C12: Port - Down | D12: 0 | E12: 12 | F12: =TEXT(DEC2HEX(IF(D12,128 + E12, E12/4)),"00") -> 03 | G12: =IF(D12,"00",VLOOKUP(E12,Sheet2!$A:$B,2)) -> 04 | H12: =IF(D12,"",IF(_xlfn.BITAND(E12,3),"Error","")) | I12: ="DATA BYTE $"&F12&", $"& G12&" ' "&A12&" - "&C12&IF(D12," [*]","") -> DATA BYTE $03, $04 ' 10 - Port - Down
A13: 11 | B13: =RIGHT("0"&DEC2HEX(A13),2) -> 0B | C13: Port - Left | D13: 1 | E13: 2 | F13: =TEXT(DEC2HEX(IF(D13,128 + E13, E13/4)),"00") -> 82 | G13: =IF(D13,"00",VLOOKUP(E13,Sheet2!$A:$B,2)) -> 00 | H13: =IF(D13,"",IF(_xlfn.BITAND(E13,3),"Error","")) | I13: ="DATA BYTE $"&F13&", $"& G13&" ' "&A13&" - "&C13&IF(D13," [*]","") -> DATA BYTE $82, $00 ' 11 - Port - Left [*]
... A41: 39 | B41: =RIGHT("0"&DEC2HEX(A41),2) -> 27 | C41: RAM chip - Bottom | D41: 0 | E41: 132 | F41: =TEXT(DEC2HEX(IF(D41,128 + E41, E41/4)),"00") -> 21 | G41: =IF(D41,"00",VLOOKUP(E41,Sheet2!$A:$B,2)) -> 04 | H41: =IF(D41,"",IF(_xlfn.BITAND(E41,3),"Error","")) | I41: ="DATA BYTE $"&F41&", $"& G41&" ' "&A41&" - "&C41&IF(D41," [*]","") -> DATA BYTE $21, $04 ' 39 - RAM chip - Bottom
A42: 40 | B42: =RIGHT("0"&DEC2HEX(A42),2) -> 28 | C42: Border - Corner | D42: 0 | E42: 4 | F42: =TEXT(DEC2HEX(IF(D42,128 + E42, E42/4)),"00") -> 01 | G42: =IF(D42,"00",VLOOKUP(E42,Sheet2!$A:$B,2)) -> 04 | I42: ="DATA BYTE $"&F42&", $"& G42&" ' "&A42&" - "&C42&IF(D42," [*]","") -> DATA BYTE $01, $04 ' 40 - Border - Corner
A43: 41 | B43: =RIGHT("0"&DEC2HEX(A43),2) -> 29 | C43: Border - Horizontal | D43: 1 | E43: 11 | F43: =TEXT(DEC2HEX(IF(D43,128 + E43, E43/4)),"00") -> 8B | G43: =IF(D43,"00",VLOOKUP(E43,Sheet2!$A:$B,2)) -> 00 | I43: ="DATA BYTE $"&F43&", $"& G43&" ' "&A43&" - "&C43&IF(D43," [*]","") -> DATA BYTE $8B, $00 ' 41 - Border - Horizontal [*]
A44: 42 | B44: =RIGHT("0"&DEC2HEX(A44),2) -> 2A | C44: Border - Vertical | D44: 1 | E44: 12 | F44: =TEXT(DEC2HEX(IF(D44,128 + E44, E44/4)),"00") -> 8C | G44: =IF(D44,"00",VLOOKUP(E44,Sheet2!$A:$B,2)) -> 00 | I44: ="DATA BYTE $"&F44&", $"& G44&" ' "&A44&" - "&C44&IF(D44," [*]","") -> DATA BYTE $8C, $00 ' 42 - Border - Vertical [*]
A45: 43 | B45: =RIGHT("0"&DEC2HEX(A45),2) -> 2B | C45: Snik snak - U (Dup) | D45: 0 | E45: 212 | F45: =TEXT(DEC2HEX(IF(D45,128 + E45, E45/4)),"00") -> 35 | G45: =IF(D45,"00",VLOOKUP(E45,Sheet2!$A:$B,2)) -> 00 | H45: =IF(D45,"",IF(_xlfn.BITAND(E45,3),"Error","")) | I45: ="DATA BYTE $"&F45&", $"& G45&" ' "&A45&" - "&C45&IF(D45," [*]","") -> DATA BYTE $35, $00 ' 43 - Snik snak - U (Dup)
A46: 44 | B46: =RIGHT("0"&DEC2HEX(A46),2) -> 2C | C46: Snik Snak - UL | D46: 0 | E46: 216 | F46: =TEXT(DEC2HEX(IF(D46,128 + E46, E46/4)),"00") -> 36 | G46: =IF(D46,"00",VLOOKUP(E46,Sheet2!$A:$B,2)) -> 00 | I46: ="DATA BYTE $"&F46&", $"& G46&" ' "&A46&" - "&C46&IF(D46," [*]","") -> DATA BYTE $36, $00 ' 44 - Snik Snak - UL
A47: 45 | B47: =RIGHT("0"&DEC2HEX(A47),2) -> 2D | C47: Snik Snak - L | D47: 0 | E47: 208 | F47: =TEXT(DEC2HEX(IF(D47,128 + E47, E47/4)),"00") -> 34 | G47: =IF(D47,"00",VLOOKUP(E47,Sheet2!$A:$B,2)) -> 00 | I47: ="DATA BYTE $"&F47&", $"& G47&" ' "&A47&" - "&C47&IF(D47," [*]","") -> DATA BYTE $34, $00 ' 45 - Snik Snak - L
A48: 46 | B48: =RIGHT("0"&DEC2HEX(A48),2) -> 2E | C48: Snik Snak - DL | D48: 1 | E48: 16 | F48: =TEXT(DEC2HEX(IF(D48,128 + E48, E48/4)),"00") -> 90 | G48: =IF(D48,"00",VLOOKUP(E48,Sheet2!$A:$B,2)) -> 00 | I48: ="DATA BYTE $"&F48&", $"& G48&" ' "&A48&" - "&C48&IF(D48," [*]","") -> DATA BYTE $90, $00 ' 46 - Snik Snak - DL [*]
A49: 47 | B49: =RIGHT("0"&DEC2HEX(A49),2) -> 2F | C49: Snik Snak - D | D49: 1 | E49: 17 | F49: =TEXT(DEC2HEX(IF(D49,128 + E49, E49/4)),"00") -> 91 | G49: =IF(D49,"00",VLOOKUP(E49,Sheet2!$A:$B,2)) -> 00 | I49: ="DATA BYTE $"&F49&", $"& G49&" ' "&A49&" - "&C49&IF(D49," [*]","") -> DATA BYTE $91, $00 ' 47 - Snik Snak - D [*]
A50: 48 | B50: =RIGHT("0"&DEC2HEX(A50),2) -> 30 | C50: Snik Snak - DR | D50: 1 | E50: 18 | F50: =TEXT(DEC2HEX(IF(D50,128 + E50, E50/4)),"00") -> 92 | G50: =IF(D50,"00",VLOOKUP(E50,Sheet2!$A:$B,2)) -> 00 | I50: ="DATA BYTE $"&F50&", $"& G50&" ' "&A50&" - "&C50&IF(D50," [*]","") -> DATA BYTE $92, $00 ' 48 - Snik Snak - DR [*]
A51: 49 | B51: =RIGHT("0"&DEC2HEX(A51),2) -> 31 | C51: Snik Snak - R | D51: 1 | E51: 19 | F51: =TEXT(DEC2HEX(IF(D51,128 + E51, E51/4)),"00") -> 93 | G51: =IF(D51,"00",VLOOKUP(E51,Sheet2!$A:$B,2)) -> 00 | I51: ="DATA BYTE $"&F51&", $"& G51&" ' "&A51&" - "&C51&IF(D51," [*]","") -> DATA BYTE $93, $00 ' 49 - Snik Snak - R [*]
A52: 50 | B52: =RIGHT("0"&DEC2HEX(A52),2) -> 32 | C52: Snik Snak - UR | D52: 1 | E52: 20 | F52: =TEXT(DEC2HEX(IF(D52,128 + E52, E52/4)),"00") -> 94 | G52: =IF(D52,"00",VLOOKUP(E52,Sheet2!$A:$B,2)) -> 00 | I52: ="DATA BYTE $"&F52&", $"& G52&" ' "&A52&" - "&C52&IF(D52," [*]","") -> DATA BYTE $94, $00 ' 50 - Snik Snak - UR [*]
A53: 51 | B53: =RIGHT("0"&DEC2HEX(A53),2) -> 33 | C53: Zonk - H | D53: 0 | E53: 196 | F53: =TEXT(DEC2HEX(IF(D53,128 + E53, E53/4)),"00") -> 31 | G53: =IF(D53,"00",VLOOKUP(E53,Sheet2!$A:$B,2)) -> 04 | I53: ="DATA BYTE $"&F53&", $"& G53&" ' "&A53&" - "&C53&IF(D53," [*]","") -> DATA BYTE $31, $04 ' 51 - Zonk - H
A54: 52 | B54: =RIGHT("0"&DEC2HEX(A54),2) -> 34 | C54: Zonk - HL | D54: 1 | E54: 21 | F54: =TEXT(DEC2HEX(IF(D54,128 + E54, E54/4)),"00") -> 95 | G54: =IF(D54,"00",VLOOKUP(E54,Sheet2!$A:$B,2)) -> 00 | I54: ="DATA BYTE $"&F54&", $"& G54&" ' "&A54&" - "&C54&IF(D54," [*]","") -> DATA BYTE $95, $00 ' 52 - Zonk - HL [*]
A55: 53 | B55: =RIGHT("0"&DEC2HEX(A55),2) -> 35 | C55: Zonk - V | D55: 0 | E55: 204 | F55: =TEXT(DEC2HEX(IF(D55,128 + E55, E55/4)),"00") -> 33 | G55: =IF(D55,"00",VLOOKUP(E55,Sheet2!$A:$B,2)) -> 04 | I55: ="DATA BYTE $"&F55&", $"& G55&" ' "&A55&" - "&C55&IF(D55," [*]","") -> DATA BYTE $33, $04 ' 53 - Zonk - V
A56: 54 | B56: =RIGHT("0"&DEC2HEX(A56),2) -> 36 | C56: Zonk - VL | D56: 0 | E56: 200 | F56: =TEXT(DEC2HEX(IF(D56,128 + E56, E56/4)),"00") -> 32 | G56: =IF(D56,"00",VLOOKUP(E56,Sheet2!$A:$B,2)) -> 04 | I56: ="DATA BYTE $"&F56&", $"& G56&" ' "&A56&" - "&C56&IF(D56," [*]","") -> DATA BYTE $32, $04 ' 54 - Zonk - VL
A57: 55 | B57: =RIGHT("0"&DEC2HEX(A57),2) -> 37 | C57: Murphy | D57: 1 | E57: 22 | F57: =TEXT(DEC2HEX(IF(D57,128 + E57, E57/4)),"00") -> 96 | G57: =IF(D57,"00",VLOOKUP(E57,Sheet2!$A:$B,2)) -> 00 | H57: =IF(D57,"",IF(_xlfn.BITAND(E57,3),"Error","")) | I57: ="DATA BYTE $"&F57&", $"& G57&" ' "&A57&" - "&C57&IF(D57," [*]","") -> DATA BYTE $96, $00 ' 55 - Murphy [*]
A58: 56 | B58: =RIGHT("0"&DEC2HEX(A58),2) -> 38 | C58: Explode 0 | D58: 0 | E58: 32 | F58: =TEXT(DEC2HEX(IF(D58,128 + E58, E58/4)),"00") -> 08 | G58: 04 | H58: =IF(D58,"",IF(_xlfn.BITAND(E58,3),"Error","")) | I58: ="DATA BYTE $"&F58&", $"& G58&" ' "&A58&" - "&C58&IF(D58," [*]","") -> DATA BYTE $08, $04 ' 56 - Explode 0
A59: 57 | B59: =RIGHT("0"&DEC2HEX(A59),2) -> 39 | C59: Explode 1 | D59: 0 | E59: 36 | F59: =TEXT(DEC2HEX(IF(D59,128 + E59, E59/4)),"00") -> 09 | G59: 04 | H59: =IF(D59,"",IF(_xlfn.BITAND(E59,3),"Error","")) | I59: ="DATA BYTE $"&F59&", $"& G59&" ' "&A59&" - "&C59&IF(D59," [*]","") -> DATA BYTE $09, $04 ' 57 - Explode 1
A60: 58 | B60: =RIGHT("0"&DEC2HEX(A60),2) -> 3A | C60: Explode 2 | D60: 0 | E60: 40 | F60: =RIGHT("0"&DEC2HEX(IF(D60,128 + E60, E60/4)),2) -> 0A | G60: 04 | H60: =IF(D60,"",IF(_xlfn.BITAND(E60,3),"Error","")) | I60: ="DATA BYTE $"&F60&", $"& G60&" ' "&A60&" - "&C60&IF(D60," [*]","") -> DATA BYTE $0A, $04 ' 58 - Explode 2
A61: 59 | B61: =RIGHT("0"&DEC2HEX(A61),2) -> 3B | C61: Explode 3 | D61: 0 | E61: 44 | F61: =RIGHT("0"&DEC2HEX(IF(D61,128 + E61, E61/4)),2) -> 0B | G61: 04 | H61: =IF(D61,"",IF(_xlfn.BITAND(E61,3),"Error","")) | I61: ="DATA BYTE $"&F61&", $"& G61&" ' "&A61&" - "&C61&IF(D61," [*]","") -> DATA BYTE $0B, $04 ' 59 - Explode 3
A62: 60 | B62: =RIGHT("0"&DEC2HEX(A62),2) -> 3C | C62: Explode 4 | D62: 0 | E62: 48 | F62: =RIGHT("0"&DEC2HEX(IF(D62,128 + E62, E62/4)),2) -> 0C | G62: 04 | H62: =IF(D62,"",IF(_xlfn.BITAND(E62,3),"Error","")) | I62: ="DATA BYTE $"&F62&", $"& G62&" ' "&A62&" - "&C62&IF(D62," [*]","") -> DATA BYTE $0C, $04 ' 60 - Explode 4
A63: 61 | B63: =RIGHT("0"&DEC2HEX(A63),2) -> 3D | C63: Explode 5 | D63: 0 | E63: 52 | F63: =RIGHT("0"&DEC2HEX(IF(D63,128 + E63, E63/4)),2) -> 0D | G63: 04 | H63: =IF(D63,"",IF(_xlfn.BITAND(E63,3),"Error","")) | I63: ="DATA BYTE $"&F63&", $"& G63&" ' "&A63&" - "&C63&IF(D63," [*]","") -> DATA BYTE $0D, $04 ' 61 - Explode 5
A64: 62 | B64: =RIGHT("0"&DEC2HEX(A64),2) -> 3E | C64: Explode 6 | D64: 0 | E64: 56 | F64: =RIGHT("0"&DEC2HEX(IF(D64,128 + E64, E64/4)),2) -> 0E | G64: 04 | H64: =IF(D64,"",IF(_xlfn.BITAND(E64,3),"Error","")) | I64: ="DATA BYTE $"&F64&", $"& G64&" ' "&A64&" - "&C64&IF(D64," [*]","") -> DATA BYTE $0E, $04 ' 62 - Explode 6
A65: 63 | B65: =RIGHT("0"&DEC2HEX(A65),2) -> 3F
A66: 64 | B66: =RIGHT("0"&DEC2HEX(A66),2) -> 40
A67: 65 | B67: =RIGHT("0"&DEC2HEX(A67),2) -> 41
H68: =IF(D68,"",IF(_xlfn.BITAND(E68,3),"Error",""))
A69: ID | B69: Custom Table | E69: TL | F69: TLA | G69: TLP | H69: BL | I69: BLA | J69: BLP | K69: TR | L69: TRA | M69: TRP | N69: BR | O69: BRA | P69: BRP
A70: 0 | C70: DYNAMIC BUFFER | R70: ="DATA BYTE $"&RIGHT("0"&DEC2HEX(E70),2)&", $"&RIGHT("0"&DEC2HEX(K70),2)&", $"&RIGHT("0"&DEC2HEX(H70),2)&", $"&RIGHT("0"&DEC2HEX(N70),2)&", $"&RIGHT("0"&DEC2HEX(HEX2DEC(G70)+IF(ISNUMBER(SEARCH("H",F70)),64,0)+IF(ISNUMBER(SEARCH("V",F70)),32,0)),2)&", $"&RIGHT("0"&DEC2HEX(HEX2DEC(M70)+IF(ISNUMBER(SEARCH("H",L70)),64,0)+IF(ISNUMBER(SEARCH("V",L70)),32,0)),2)&", $"&RIGHT("0"&DEC2HEX(HEX2DEC(J70)+IF(ISNUMBER(SEARCH("H",I70)),64,0)+IF(ISNUMBER(SEARCH("V",I70)),32,0)),2)&", $"&RIGHT("0"&DEC2HEX(HEX2DEC(P70)+IF(ISNUMBER(SEARCH("H",O70)),64,0)+IF(ISNUMBER(SEARCH("V",O70)),32,0)),2)&" ' "&B70&" - "&C70 -> DATA BYTE $00, $00, $00, $00, $00, $00, $00, $00 ' - DYNAMIC BUFFER
A71: 1 | B71: 0 | C71: Empty | R71: ="DATA BYTE $"&RIGHT("0"&DEC2HEX(E71),2)&", $"&RIGHT("0"&DEC2HEX(K71),2)&", $"&RIGHT("0"&DEC2HEX(H71),2)&", $"&RIGHT("0"&DEC2HEX(N71),2)&", $"&RIGHT("0"&DEC2HEX(HEX2DEC(G71)+IF(ISNUMBER(SEARCH("H",F71)),64,0)+IF(ISNUMBER(SEARCH("V",F71)),32,0)),2)&", $"&RIGHT("0"&DEC2HEX(HEX2DEC(M71)+IF(ISNUMBER(SEARCH("H",L71)),64,0)+IF(ISNUMBER(SEARCH("V",L71)),32,0)),2)&", $"&RIGHT("0"&DEC2HEX(HEX2DEC(J71)+IF(ISNUMBER(SEARCH("H",I71)),64,0)+IF(ISNUMBER(SEARCH("V",I71)),32,0)),2)&", $"&RIGHT("0"&DEC2HEX(HEX2DEC(P71)+IF(ISNUMBER(SEARCH("H",O71)),64,0)+IF(ISNUMBER(SEARCH("V",O71)),32,0)),2)&" ' "&B71&" - "&C71 -> DATA BYTE $00, $00, $00, $00, $00, $00, $00, $00 ' 0 - Empty
A72: 2 | B72: 11 | C72: Port - Left | D72: 0B | E72: 22 | F72: H | G72: =VLOOKUP(E72,Sheet2!$A:$B,2) -> 04 | H72: 23 | I72: H | J72: =VLOOKUP(H72,Sheet2!$A:$B,2) -> 04 | K72: 20 | L72: H | M72: =VLOOKUP(K72,Sheet2!$A:$B,2) -> 04 | N72: 21 | O72: H | P72: =VLOOKUP(N72,Sheet2!$A:$B,2) -> 04 | R72: ="DATA BYTE $"&RIGHT("0"&DEC2HEX(E72),2)&", $"&RIGHT("0"&DEC2HEX(K72),2)&", $"&RIGHT("0"&DEC2HEX(H72),2)&", $"&RIGHT("0"&DEC2HEX(N72),2)&", $"&RIGHT("0"&DEC2HEX(HEX2DEC(G72)+IF(ISNUMBER(SEARCH("H",F72)),64,0)+IF(ISNUMBER(SEARCH("V",F72)),32,0)),2)&", $"&RIGHT("0"&DEC2HEX(HEX2DEC(M72)+IF(ISNUMBER(SEARCH("H",L72)),64,0)+IF(ISNUMBER(SEARCH("V",L72)),32,0)),2)&", $"&RIGHT("0"&DEC2HEX(HEX2DEC(J72)+IF(ISNUMBER(SEARCH("H",I72)),64,0)+IF(ISNUMBER(SEARCH("V",I72)),32,0)),2)&", $"&RIGHT("0"&DEC2HEX(HEX2DEC(P72)+IF(ISNUMBER(SEARCH("H",O72)),64,0)+IF(ISNUMBER(SEARCH("V",O72)),32,0)),2)&" ' "&B72&" - "&C72 -> DATA BYTE $16, $14, $17, $15, $44, $44, $44, $44 ' 11 - Port - Left
A73: 3 | B73: 12 | C73: Port - Up | D73: 0C | E73: 13 | F73: V | G73: =VLOOKUP(E73,Sheet2!A:B,2) -> 04 | H73: 12 | I73: V | J73: =VLOOKUP(H73,Sheet2!$A:$B,2) -> 04 | K73: 15 | L73: V | M73: =VLOOKUP(K73,Sheet2!$A:$B,2) -> 04 | N73: 14 | O73: V | P73: =VLOOKUP(N73,Sheet2!$A:$B,2) -> 04 | R73: ="DATA BYTE $"&RIGHT("0"&DEC2HEX(E73),2)&", $"&RIGHT("0"&DEC2HEX(K73),2)&", $"&RIGHT("0"&DEC2HEX(H73),2)&", $"&RIGHT("0"&DEC2HEX(N73),2)&", $"&RIGHT("0"&DEC2HEX(HEX2DEC(G73)+IF(ISNUMBER(SEARCH("H",F73)),64,0)+IF(ISNUMBER(SEARCH("V",F73)),32,0)),2)&", $"&RIGHT("0"&DEC2HEX(HEX2DEC(M73)+IF(ISNUMBER(SEARCH("H",L73)),64,0)+IF(ISNUMBER(SEARCH("V",L73)),32,0)),2)&", $"&RIGHT("0"&DEC2HEX(HEX2DEC(J73)+IF(ISNUMBER(SEARCH("H",I73)),64,0)+IF(ISNUMBER(SEARCH("V",I73)),32,0)),2)&", $"&RIGHT("0"&DEC2HEX(HEX2DEC(P73)+IF(ISNUMBER(SEARCH("H",O73)),64,0)+IF(ISNUMBER(SEARCH("V",O73)),32,0)),2)&" ' "&B73&" - "&C73 -> DATA BYTE $0D, $0F, $0C, $0E, $24, $24, $24, $24 ' 12 - Port - Up
A74: 4 | B74: 15 | C74: Gravity port - Left | D74: 0F | E74: 22 | F74: H | G74: =VLOOKUP(E74,Sheet2!A:B,2) -> 04 | H74: 23 | I74: H | J74: =VLOOKUP(H74,Sheet2!$A:$B,2) -> 04 | K74: 20 | L74: H | M74: =VLOOKUP(K74,Sheet2!$A:$B,2) -> 04 | N74: 21 | O74: H | P74: =VLOOKUP(N74,Sheet2!$A:$B,2) -> 04 | R74: ="DATA BYTE $"&RIGHT("0"&DEC2HEX(E74),2)&", $"&RIGHT("0"&DEC2HEX(K74),2)&", $"&RIGHT("0"&DEC2HEX(H74),2)&", $"&RIGHT("0"&DEC2HEX(N74),2)&", $"&RIGHT("0"&DEC2HEX(HEX2DEC(G74)+IF(ISNUMBER(SEARCH("H",F74)),64,0)+IF(ISNUMBER(SEARCH("V",F74)),32,0)),2)&", $"&RIGHT("0"&DEC2HEX(HEX2DEC(M74)+IF(ISNUMBER(SEARCH("H",L74)),64,0)+IF(ISNUMBER(SEARCH("V",L74)),32,0)),2)&", $"&RIGHT("0"&DEC2HEX(HEX2DEC(J74)+IF(ISNUMBER(SEARCH("H",I74)),64,0)+IF(ISNUMBER(SEARCH("V",I74)),32,0)),2)&", $"&RIGHT("0"&DEC2HEX(HEX2DEC(P74)+IF(ISNUMBER(SEARCH("H",O74)),64,0)+IF(ISNUMBER(SEARCH("V",O74)),32,0)),2)&" ' "&B74&" - "&C74 -> DATA BYTE $16, $14, $17, $15, $44, $44, $44, $44 ' 15 - Gravity port - Left
A75: 5 | B75: 16 | C75: Gravity port - Up | D75: 10 | E75: 13 | F75: V | G75: =VLOOKUP(E75,Sheet2!A:B,2) -> 04 | H75: 12 | I75: V | J75: =VLOOKUP(H75,Sheet2!$A:$B,2) -> 04 | K75: 15 | L75: V | M75: =VLOOKUP(K75,Sheet2!$A:$B,2) -> 04 | N75: 14 | O75: V | P75: =VLOOKUP(N75,Sheet2!$A:$B,2) -> 04 | R75: ="DATA BYTE $"&RIGHT("0"&DEC2HEX(E75),2)&", $"&RIGHT("0"&DEC2HEX(K75),2)&", $"&RIGHT("0"&DEC2HEX(H75),2)&", $"&RIGHT("0"&DEC2HEX(N75),2)&", $"&RIGHT("0"&DEC2HEX(HEX2DEC(G75)+IF(ISNUMBER(SEARCH("H",F75)),64,0)+IF(ISNUMBER(SEARCH("V",F75)),32,0)),2)&", $"&RIGHT("0"&DEC2HEX(HEX2DEC(M75)+IF(ISNUMBER(SEARCH("H",L75)),64,0)+IF(ISNUMBER(SEARCH("V",L75)),32,0)),2)&", $"&RIGHT("0"&DEC2HEX(HEX2DEC(J75)+IF(ISNUMBER(SEARCH("H",I75)),64,0)+IF(ISNUMBER(SEARCH("V",I75)),32,0)),2)&", $"&RIGHT("0"&DEC2HEX(HEX2DEC(P75)+IF(ISNUMBER(SEARCH("H",O75)),64,0)+IF(ISNUMBER(SEARCH("V",O75)),32,0)),2)&" ' "&B75&" - "&C75 -> DATA BYTE $0D, $0F, $0C, $0E, $24, $24, $24, $24 ' 16 - Gravity port - Up
A76: 6 | B76: 18 | C76: Floppy - Yellow | D76: 12 | E76: 160 | F76: - | G76: =VLOOKUP(E76,Sheet2!A:B,2) -> 06 | H76: 193 | I76: - | J76: =VLOOKUP(H76,Sheet2!$A:$B,2) -> 06 | K76: 161 | L76: - | M76: =VLOOKUP(K76,Sheet2!$A:$B,2) -> 06 | N76: 195 | O76: - | P76: =VLOOKUP(N76,Sheet2!$A:$B,2) -> 06 | R76: ="DATA BYTE $"&RIGHT("0"&DEC2HEX(E76),2)&", $"&RIGHT("0"&DEC2HEX(K76),2)&", $"&RIGHT("0"&DEC2HEX(H76),2)&", $"&RIGHT("0"&DEC2HEX(N76),2)&", $"&RIGHT("0"&DEC2HEX(HEX2DEC(G76)+IF(ISNUMBER(SEARCH("H",F76)),64,0)+IF(ISNUMBER(SEARCH("V",F76)),32,0)),2)&", $"&RIGHT("0"&DEC2HEX(HEX2DEC(M76)+IF(ISNUMBER(SEARCH("H",L76)),64,0)+IF(ISNUMBER(SEARCH("V",L76)),32,0)),2)&", $"&RIGHT("0"&DEC2HEX(HEX2DEC(J76)+IF(ISNUMBER(SEARCH("H",I76)),64,0)+IF(ISNUMBER(SEARCH("V",I76)),32,0)),2)&", $"&RIGHT("0"&DEC2HEX(HEX2DEC(P76)+IF(ISNUMBER(SEARCH("H",O76)),64,0)+IF(ISNUMBER(SEARCH("V",O76)),32,0)),2)&" ' "&B76&" - "&C76 -> DATA BYTE $A0, $A1, $C1, $C3, $06, $06, $06, $06 ' 18 - Floppy - Yellow
A77: 7 | B77: 20 | C77: Floppy - Red | D77: 14 | E77: 162 | F77: - | G77: =VLOOKUP(E77,Sheet2!A:B,2) -> 06 | H77: 193 | I77: - | J77: =VLOOKUP(H77,Sheet2!$A:$B,2) -> 06 | K77: 163 | L77: - | M77: =VLOOKUP(K77,Sheet2!$A:$B,2) -> 06 | N77: 195 | O77: - | P77: =VLOOKUP(N77,Sheet2!$A:$B,2) -> 06 | R77: ="DATA BYTE $"&RIGHT("0"&DEC2HEX(E77),2)&", $"&RIGHT("0"&DEC2HEX(K77),2)&", $"&RIGHT("0"&DEC2HEX(H77),2)&", $"&RIGHT("0"&DEC2HEX(N77),2)&", $"&RIGHT("0"&DEC2HEX(HEX2DEC(G77)+IF(ISNUMBER(SEARCH("H",F77)),64,0)+IF(ISNUMBER(SEARCH("V",F77)),32,0)),2)&", $"&RIGHT("0"&DEC2HEX(HEX2DEC(M77)+IF(ISNUMBER(SEARCH("H",L77)),64,0)+IF(ISNUMBER(SEARCH("V",L77)),32,0)),2)&", $"&RIGHT("0"&DEC2HEX(HEX2DEC(J77)+IF(ISNUMBER(SEARCH("H",I77)),64,0)+IF(ISNUMBER(SEARCH("V",I77)),32,0)),2)&", $"&RIGHT("0"&DEC2HEX(HEX2DEC(P77)+IF(ISNUMBER(SEARCH("H",O77)),64,0)+IF(ISNUMBER(SEARCH("V",O77)),32,0)),2)&" ' "&B77&" - "&C77 -> DATA BYTE $A2, $A3, $C1, $C3, $06, $06, $06, $06 ' 20 - Floppy - Red
A78: 8 | B78: 21 | C78: Port - Two-way vertical | D78: 15 | E78: 13 | F78: V | G78: =VLOOKUP(E78,Sheet2!A:B,2) -> 04 | H78: 13 | I78: - | J78: =VLOOKUP(H78,Sheet2!$A:$B,2) -> 04 | K78: 15 | L78: V | M78: =VLOOKUP(K78,Sheet2!$A:$B,2) -> 04 | N78: 15 | O78: - | P78: =VLOOKUP(N78,Sheet2!$A:$B,2) -> 04 | R78: ="DATA BYTE $"&RIGHT("0"&DEC2HEX(E78),2)&", $"&RIGHT("0"&DEC2HEX(K78),2)&", $"&RIGHT("0"&DEC2HEX(H78),2)&", $"&RIGHT("0"&DEC2HEX(N78),2)&", $"&RIGHT("0"&DEC2HEX(HEX2DEC(G78)+IF(ISNUMBER(SEARCH("H",F78)),64,0)+IF(ISNUMBER(SEARCH("V",F78)),32,0)),2)&", $"&RIGHT("0"&DEC2HEX(HEX2DEC(M78)+IF(ISNUMBER(SEARCH("H",L78)),64,0)+IF(ISNUMBER(SEARCH("V",L78)),32,0)),2)&", $"&RIGHT("0"&DEC2HEX(HEX2DEC(J78)+IF(ISNUMBER(SEARCH("H",I78)),64,0)+IF(ISNUMBER(SEARCH("V",I78)),32,0)),2)&", $"&RIGHT("0"&DEC2HEX(HEX2DEC(P78)+IF(ISNUMBER(SEARCH("H",O78)),64,0)+IF(ISNUMBER(SEARCH("V",O78)),32,0)),2)&" ' "&B78&" - "&C78 -> DATA BYTE $0D, $0F, $0D, $0F, $24, $24, $04, $04 ' 21 - Port - Two-way vertical
A79: 9 | B79: 22 | C79: Port - Two-way horizontal | D79: 16 | E79: 22 | F79: H | G79: =VLOOKUP(E79,Sheet2!A:B,2) -> 04 | H79: 23 | I79: H | J79: =VLOOKUP(H79,Sheet2!$A:$B,2) -> 04 | K79: 22 | L79: - | M79: =VLOOKUP(K79,Sheet2!$A:$B,2) -> 04 | N79: 23 | O79: - | P79: =VLOOKUP(N79,Sheet2!$A:$B,2) -> 04 | R79: ="DATA BYTE $"&RIGHT("0"&DEC2HEX(E79),2)&", $"&RIGHT("0"&DEC2HEX(K79),2)&", $"&RIGHT("0"&DEC2HEX(H79),2)&", $"&RIGHT("0"&DEC2HEX(N79),2)&", $"&RIGHT("0"&DEC2HEX(HEX2DEC(G79)+IF(ISNUMBER(SEARCH("H",F79)),64,0)+IF(ISNUMBER(SEARCH("V",F79)),32,0)),2)&", $"&RIGHT("0"&DEC2HEX(HEX2DEC(M79)+IF(ISNUMBER(SEARCH("H",L79)),64,0)+IF(ISNUMBER(SEARCH("V",L79)),32,0)),2)&", $"&RIGHT("0"&DEC2HEX(HEX2DEC(J79)+IF(ISNUMBER(SEARCH("H",I79)),64,0)+IF(ISNUMBER(SEARCH("V",I79)),32,0)),2)&", $"&RIGHT("0"&DEC2HEX(HEX2DEC(P79)+IF(ISNUMBER(SEARCH("H",O79)),64,0)+IF(ISNUMBER(SEARCH("V",O79)),32,0)),2)&" ' "&B79&" - "&C79 -> DATA BYTE $16, $16, $17, $17, $44, $04, $44, $04 ' 22 - Port - Two-way horizontal
A80: 10 | B80: 31 | C80: Hardware (decoration) | D80: 1F | E80: 96 | F80: - | G80: 04 | H80: 97 | I80: - | J80: 04 | K80: 98 | L80: - | M80: 04 | N80: 99 | O80: - | P80: 04 | R80: ="DATA BYTE $"&RIGHT("0"&DEC2HEX(E80),2)&", $"&RIGHT("0"&DEC2HEX(K80),2)&", $"&RIGHT("0"&DEC2HEX(H80),2)&", $"&RIGHT("0"&DEC2HEX(N80),2)&", $"&RIGHT("0"&DEC2HEX(HEX2DEC(G80)+IF(ISNUMBER(SEARCH("H",F80)),64,0)+IF(ISNUMBER(SEARCH("V",F80)),32,0)),2)&", $"&RIGHT("0"&DEC2HEX(HEX2DEC(M80)+IF(ISNUMBER(SEARCH("H",L80)),64,0)+IF(ISNUMBER(SEARCH("V",L80)),32,0)),2)&", $"&RIGHT("0"&DEC2HEX(HEX2DEC(J80)+IF(ISNUMBER(SEARCH("H",I80)),64,0)+IF(ISNUMBER(SEARCH("V",I80)),32,0)),2)&", $"&RIGHT("0"&DEC2HEX(HEX2DEC(P80)+IF(ISNUMBER(SEARCH("H",O80)),64,0)+IF(ISNUMBER(SEARCH("V",O80)),32,0)),2)&" ' "&B80&" - "&C80 -> DATA BYTE $60, $62, $61, $63, $04, $04, $04, $04 ' 31 - Hardware (decoration)
A81: 11 | B81: 41 | C81: Border - Horizontal | D81: 29 | E81: 3 | F81: - | G81: =VLOOKUP(E81,Sheet2!A:B,2) -> 04 | H81: 3 | I81: - | J81: =VLOOKUP(H81,Sheet2!$A:$B,2) -> 04 | K81: 3 | L81: - | M81: =VLOOKUP(K81,Sheet2!$A:$B,2) -> 04 | N81: 3 | O81: - | P81: =VLOOKUP(N81,Sheet2!$A:$B,2) -> 04 | R81: ="DATA BYTE $"&RIGHT("0"&DEC2HEX(E81),2)&", $"&RIGHT("0"&DEC2HEX(K81),2)&", $"&RIGHT("0"&DEC2HEX(H81),2)&", $"&RIGHT("0"&DEC2HEX(N81),2)&", $"&RIGHT("0"&DEC2HEX(HEX2DEC(G81)+IF(ISNUMBER(SEARCH("H",F81)),64,0)+IF(ISNUMBER(SEARCH("V",F81)),32,0)),2)&", $"&RIGHT("0"&DEC2HEX(HEX2DEC(M81)+IF(ISNUMBER(SEARCH("H",L81)),64,0)+IF(ISNUMBER(SEARCH("V",L81)),32,0)),2)&", $"&RIGHT("0"&DEC2HEX(HEX2DEC(J81)+IF(ISNUMBER(SEARCH("H",I81)),64,0)+IF(ISNUMBER(SEARCH("V",I81)),32,0)),2)&", $"&RIGHT("0"&DEC2HEX(HEX2DEC(P81)+IF(ISNUMBER(SEARCH("H",O81)),64,0)+IF(ISNUMBER(SEARCH("V",O81)),32,0)),2)&" ' "&B81&" - "&C81 -> DATA BYTE $03, $03, $03, $03, $04, $04, $04, $04 ' 41 - Border - Horizontal
A82: 12 | B82: 42 | C82: Border - Vertical | D82: 30 | E82: 2 | F82: - | G82: =VLOOKUP(E82,Sheet2!A:B,2) -> 04 | H82: 2 | I82: - | J82: =VLOOKUP(H82,Sheet2!$A:$B,2) -> 04 | K82: 2 | L82: - | M82: =VLOOKUP(K82,Sheet2!$A:$B,2) -> 04 | N82: 2 | O82: - | P82: =VLOOKUP(N82,Sheet2!$A:$B,2) -> 04 | R82: ="DATA BYTE $"&RIGHT("0"&DEC2HEX(E82),2)&", $"&RIGHT("0"&DEC2HEX(K82),2)&", $"&RIGHT("0"&DEC2HEX(H82),2)&", $"&RIGHT("0"&DEC2HEX(N82),2)&", $"&RIGHT("0"&DEC2HEX(HEX2DEC(G82)+IF(ISNUMBER(SEARCH("H",F82)),64,0)+IF(ISNUMBER(SEARCH("V",F82)),32,0)),2)&", $"&RIGHT("0"&DEC2HEX(HEX2DEC(M82)+IF(ISNUMBER(SEARCH("H",L82)),64,0)+IF(ISNUMBER(SEARCH("V",L82)),32,0)),2)&", $"&RIGHT("0"&DEC2HEX(HEX2DEC(J82)+IF(ISNUMBER(SEARCH("H",I82)),64,0)+IF(ISNUMBER(SEARCH("V",I82)),32,0)),2)&", $"&RIGHT("0"&DEC2HEX(HEX2DEC(P82)+IF(ISNUMBER(SEARCH("H",O82)),64,0)+IF(ISNUMBER(SEARCH("V",O82)),32,0)),2)&" ' "&B82&" - "&C82 -> DATA BYTE $02, $02, $02, $02, $04, $04, $04, $04 ' 42 - Border - Vertical
A83: 13 | B83: 4 | C83: Infotron | D83: 4 | E83: 240 | F83: - | G83: 08 | H83: 241 | I83: - | J83: 06 | K83: 242 | L83: - | M83: 08 | N83: 243 | O83: - | P83: 06 | R83: ="DATA BYTE $"&RIGHT("0"&DEC2HEX(E83),2)&", $"&RIGHT("0"&DEC2HEX(K83),2)&", $"&RIGHT("0"&DEC2HEX(H83),2)&", $"&RIGHT("0"&DEC2HEX(N83),2)&", $"&RIGHT("0"&DEC2HEX(HEX2DEC(G83)+IF(ISNUMBER(SEARCH("H",F83)),64,0)+IF(ISNUMBER(SEARCH("V",F83)),32,0)),2)&", $"&RIGHT("0"&DEC2HEX(HEX2DEC(M83)+IF(ISNUMBER(SEARCH("H",L83)),64,0)+IF(ISNUMBER(SEARCH("V",L83)),32,0)),2)&", $"&RIGHT("0"&DEC2HEX(HEX2DEC(J83)+IF(ISNUMBER(SEARCH("H",I83)),64,0)+IF(ISNUMBER(SEARCH("V",I83)),32,0)),2)&", $"&RIGHT("0"&DEC2HEX(HEX2DEC(P83)+IF(ISNUMBER(SEARCH("H",O83)),64,0)+IF(ISNUMBER(SEARCH("V",O83)),32,0)),2)&" ' "&B83&" - "&C83 -> DATA BYTE $F0, $F2, $F1, $F3, $08, $08, $06, $06 ' 4 - Infotron
A84: 14 | B84: 33 | C84: Hardware (decoration) | D84: 8E | E84: 144 | F84: - | G84: =VLOOKUP(E84,Sheet2!$A:$B,2) -> 02 | H84: 145 | I84: - | J84: =VLOOKUP(H84,Sheet2!$A:$B,2) -> 0A | K84: 146 | L84: - | M84: =VLOOKUP(K84,Sheet2!$A:$B,2) -> 0A | N84: 147 | O84: - | P84: =VLOOKUP(N84,Sheet2!$A:$B,2) -> 0A | R84: ="DATA BYTE $"&RIGHT("0"&DEC2HEX(E84),2)&", $"&RIGHT("0"&DEC2HEX(K84),2)&", $"&RIGHT("0"&DEC2HEX(H84),2)&", $"&RIGHT("0"&DEC2HEX(N84),2)&", $"&RIGHT("0"&DEC2HEX(HEX2DEC(G84)+IF(ISNUMBER(SEARCH("H",F84)),64,0)+IF(ISNUMBER(SEARCH("V",F84)),32,0)),2)&", $"&RIGHT("0"&DEC2HEX(HEX2DEC(M84)+IF(ISNUMBER(SEARCH("H",L84)),64,0)+IF(ISNUMBER(SEARCH("V",L84)),32,0)),2)&", $"&RIGHT("0"&DEC2HEX(HEX2DEC(J84)+IF(ISNUMBER(SEARCH("H",I84)),64,0)+IF(ISNUMBER(SEARCH("V",I84)),32,0)),2)&", $"&RIGHT("0"&DEC2HEX(HEX2DEC(P84)+IF(ISNUMBER(SEARCH("H",O84)),64,0)+IF(ISNUMBER(SEARCH("V",O84)),32,0)),2)&" ' "&B84&" - "&C84 -> DATA BYTE $90, $92, $91, $93, $02, $0A, $0A, $0A ' 33 - Hardware (decoration)
A85: 15 | B85: 19 | C85: Terminal | D85: 1D | E85: 116 | F85: - | G85: 0C | H85: 117 | I85: - | J85: 0C | K85: 118 | L85: - | M85: 0C | N85: 119 | O85: - | P85: =VLOOKUP(N85,Sheet2!$A:$B,2) -> 04 | R85: ="DATA BYTE $"&RIGHT("0"&DEC2HEX(E85),2)&", $"&RIGHT("0"&DEC2HEX(K85),2)&", $"&RIGHT("0"&DEC2HEX(H85),2)&", $"&RIGHT("0"&DEC2HEX(N85),2)&", $"&RIGHT("0"&DEC2HEX(HEX2DEC(G85)+IF(ISNUMBER(SEARCH("H",F85)),64,0)+IF(ISNUMBER(SEARCH("V",F85)),32,0)),2)&", $"&RIGHT("0"&DEC2HEX(HEX2DEC(M85)+IF(ISNUMBER(SEARCH("H",L85)),64,0)+IF(ISNUMBER(SEARCH("V",L85)),32,0)),2)&", $"&RIGHT("0"&DEC2HEX(HEX2DEC(J85)+IF(ISNUMBER(SEARCH("H",I85)),64,0)+IF(ISNUMBER(SEARCH("V",I85)),32,0)),2)&", $"&RIGHT("0"&DEC2HEX(HEX2DEC(P85)+IF(ISNUMBER(SEARCH("H",O85)),64,0)+IF(ISNUMBER(SEARCH("V",O85)),32,0)),2)&" ' "&B85&" - "&C85 -> DATA BYTE $74, $76, $75, $77, $0C, $0C, $0C, $04 ' 19 - Terminal
A86: 16 | B86: 46 | C86: Snik Snak - DL | D86: 90 | E86: 217 | F86: V | G86: =VLOOKUP(E86,Sheet2!$A:$B,2) -> 00 | H86: 216 | I86: V | J86: =VLOOKUP(H86,Sheet2!$A:$B,2) -> 00 | K86: 219 | L86: V | M86: =VLOOKUP(K86,Sheet2!$A:$B,2) -> 00 | N86: 218 | O86: V | P86: =VLOOKUP(N86,Sheet2!$A:$B,2) -> 00 | R86: ="DATA BYTE $"&RIGHT("0"&DEC2HEX(E86),2)&", $"&RIGHT("0"&DEC2HEX(K86),2)&", $"&RIGHT("0"&DEC2HEX(H86),2)&", $"&RIGHT("0"&DEC2HEX(N86),2)&", $"&RIGHT("0"&DEC2HEX(HEX2DEC(G86)+IF(ISNUMBER(SEARCH("H",F86)),64,0)+IF(ISNUMBER(SEARCH("V",F86)),32,0)),2)&", $"&RIGHT("0"&DEC2HEX(HEX2DEC(M86)+IF(ISNUMBER(SEARCH("H",L86)),64,0)+IF(ISNUMBER(SEARCH("V",L86)),32,0)),2)&", $"&RIGHT("0"&DEC2HEX(HEX2DEC(J86)+IF(ISNUMBER(SEARCH("H",I86)),64,0)+IF(ISNUMBER(SEARCH("V",I86)),32,0)),2)&", $"&RIGHT("0"&DEC2HEX(HEX2DEC(P86)+IF(ISNUMBER(SEARCH("H",O86)),64,0)+IF(ISNUMBER(SEARCH("V",O86)),32,0)),2)&" ' "&B86&" - "&C86 -> DATA BYTE $D9, $DB, $D8, $DA, $20, $20, $20, $20 ' 46 - Snik Snak - DL
A87: 17 | B87: 47 | C87: Snik Snak - D | D87: 91 | E87: 213 | F87: V | G87: =VLOOKUP(E87,Sheet2!$A:$B,2) -> 00 | H87: 212 | I87: V | J87: =VLOOKUP(H87,Sheet2!$A:$B,2) -> 00 | K87: 215 | L87: V | M87: =VLOOKUP(K87,Sheet2!$A:$B,2) -> 00 | N87: 214 | O87: V | P87: =VLOOKUP(N87,Sheet2!$A:$B,2) -> 00 | R87: ="DATA BYTE $"&RIGHT("0"&DEC2HEX(E87),2)&", $"&RIGHT("0"&DEC2HEX(K87),2)&", $"&RIGHT("0"&DEC2HEX(H87),2)&", $"&RIGHT("0"&DEC2HEX(N87),2)&", $"&RIGHT("0"&DEC2HEX(HEX2DEC(G87)+IF(ISNUMBER(SEARCH("H",F87)),64,0)+IF(ISNUMBER(SEARCH("V",F87)),32,0)),2)&", $"&RIGHT("0"&DEC2HEX(HEX2DEC(M87)+IF(ISNUMBER(SEARCH("H",L87)),64,0)+IF(ISNUMBER(SEARCH("V",L87)),32,0)),2)&", $"&RIGHT("0"&DEC2HEX(HEX2DEC(J87)+IF(ISNUMBER(SEARCH("H",I87)),64,0)+IF(ISNUMBER(SEARCH("V",I87)),32,0)),2)&", $"&RIGHT("0"&DEC2HEX(HEX2DEC(P87)+IF(ISNUMBER(SEARCH("H",O87)),64,0)+IF(ISNUMBER(SEARCH("V",O87)),32,0)),2)&" ' "&B87&" - "&C87 -> DATA BYTE $D5, $D7, $D4, $D6, $20, $20, $20, $20 ' 47 - Snik Snak - D
A88: 18 | B88: 48 | C88: Snik Snak - DR | D88: 92 | E88: 219 | F88: HV | G88: =VLOOKUP(E88,Sheet2!$A:$B,2) -> 00 | H88: 218 | I88: HV | J88: =VLOOKUP(H88,Sheet2!$A:$B,2) -> 00 | K88: 217 | L88: HV | M88: =VLOOKUP(K88,Sheet2!$A:$B,2) -> 00 | N88: 216 | O88: HV | P88: =VLOOKUP(N88,Sheet2!$A:$B,2) -> 00 | R88: ="DATA BYTE $"&RIGHT("0"&DEC2HEX(E88),2)&", $"&RIGHT("0"&DEC2HEX(K88),2)&", $"&RIGHT("0"&DEC2HEX(H88),2)&", $"&RIGHT("0"&DEC2HEX(N88),2)&", $"&RIGHT("0"&DEC2HEX(HEX2DEC(G88)+IF(ISNUMBER(SEARCH("H",F88)),64,0)+IF(ISNUMBER(SEARCH("V",F88)),32,0)),2)&", $"&RIGHT("0"&DEC2HEX(HEX2DEC(M88)+IF(ISNUMBER(SEARCH("H",L88)),64,0)+IF(ISNUMBER(SEARCH("V",L88)),32,0)),2)&", $"&RIGHT("0"&DEC2HEX(HEX2DEC(J88)+IF(ISNUMBER(SEARCH("H",I88)),64,0)+IF(ISNUMBER(SEARCH("V",I88)),32,0)),2)&", $"&RIGHT("0"&DEC2HEX(HEX2DEC(P88)+IF(ISNUMBER(SEARCH("H",O88)),64,0)+IF(ISNUMBER(SEARCH("V",O88)),32,0)),2)&" ' "&B88&" - "&C88 -> DATA BYTE $DB, $D9, $DA, $D8, $60, $60, $60, $60 ' 48 - Snik Snak - DR
A89: 19 | B89: 49 | C89: Snik Snak - R | D89: 93 | E89: 210 | F89: H | G89: =VLOOKUP(E89,Sheet2!$A:$B,2) -> 00 | H89: 211 | I89: H | J89: =VLOOKUP(H89,Sheet2!$A:$B,2) -> 00 | K89: 208 | L89: H | M89: =VLOOKUP(K89,Sheet2!$A:$B,2) -> 00 | N89: 209 | O89: H | P89: =VLOOKUP(N89,Sheet2!$A:$B,2) -> 00 | R89: ="DATA BYTE $"&RIGHT("0"&DEC2HEX(E89),2)&", $"&RIGHT("0"&DEC2HEX(K89),2)&", $"&RIGHT("0"&DEC2HEX(H89),2)&", $"&RIGHT("0"&DEC2HEX(N89),2)&", $"&RIGHT("0"&DEC2HEX(HEX2DEC(G89)+IF(ISNUMBER(SEARCH("H",F89)),64,0)+IF(ISNUMBER(SEARCH("V",F89)),32,0)),2)&", $"&RIGHT("0"&DEC2HEX(HEX2DEC(M89)+IF(ISNUMBER(SEARCH("H",L89)),64,0)+IF(ISNUMBER(SEARCH("V",L89)),32,0)),2)&", $"&RIGHT("0"&DEC2HEX(HEX2DEC(J89)+IF(ISNUMBER(SEARCH("H",I89)),64,0)+IF(ISNUMBER(SEARCH("V",I89)),32,0)),2)&", $"&RIGHT("0"&DEC2HEX(HEX2DEC(P89)+IF(ISNUMBER(SEARCH("H",O89)),64,0)+IF(ISNUMBER(SEARCH("V",O89)),32,0)),2)&" ' "&B89&" - "&C89 -> DATA BYTE $D2, $D0, $D3, $D1, $40, $40, $40, $40 ' 49 - Snik Snak - R
A90: 20 | B90: 50 | C90: Snik Snak - UR | D90: 94 | E90: 218 | F90: H | G90: =VLOOKUP(E90,Sheet2!$A:$B,2) -> 00 | H90: 219 | I90: H | J90: =VLOOKUP(H90,Sheet2!$A:$B,2) -> 00 | K90: 216 | L90: H | M90: =VLOOKUP(K90,Sheet2!$A:$B,2) -> 00 | N90: 217 | O90: H | P90: =VLOOKUP(N90,Sheet2!$A:$B,2) -> 00 | R90: ="DATA BYTE $"&RIGHT("0"&DEC2HEX(E90),2)&", $"&RIGHT("0"&DEC2HEX(K90),2)&", $"&RIGHT("0"&DEC2HEX(H90),2)&", $"&RIGHT("0"&DEC2HEX(N90),2)&", $"&RIGHT("0"&DEC2HEX(HEX2DEC(G90)+IF(ISNUMBER(SEARCH("H",F90)),64,0)+IF(ISNUMBER(SEARCH("V",F90)),32,0)),2)&", $"&RIGHT("0"&DEC2HEX(HEX2DEC(M90)+IF(ISNUMBER(SEARCH("H",L90)),64,0)+IF(ISNUMBER(SEARCH("V",L90)),32,0)),2)&", $"&RIGHT("0"&DEC2HEX(HEX2DEC(J90)+IF(ISNUMBER(SEARCH("H",I90)),64,0)+IF(ISNUMBER(SEARCH("V",I90)),32,0)),2)&", $"&RIGHT("0"&DEC2HEX(HEX2DEC(P90)+IF(ISNUMBER(SEARCH("H",O90)),64,0)+IF(ISNUMBER(SEARCH("V",O90)),32,0)),2)&" ' "&B90&" - "&C90 -> DATA BYTE $DA, $D8, $DB, $D9, $40, $40, $40, $40 ' 50 - Snik Snak - UR
A91: 21 | B91: 52 | C91: Zonk - HL | D91: 95 | E91: 202 | F91: H | G91: =VLOOKUP(E91,Sheet2!A:B,2) -> 04 | H91: 203 | I91: H | J91: =VLOOKUP(H91,Sheet2!$A:$B,2) -> 04 | K91: 200 | L91: H | M91: =VLOOKUP(K91,Sheet2!$A:$B,2) -> 04 | N91: 201 | O91: H | P91: =VLOOKUP(N91,Sheet2!$A:$B,2) -> 04 | R91: ="DATA BYTE $"&RIGHT("0"&DEC2HEX(E91),2)&", $"&RIGHT("0"&DEC2HEX(K91),2)&", $"&RIGHT("0"&DEC2HEX(H91),2)&", $"&RIGHT("0"&DEC2HEX(N91),2)&", $"&RIGHT("0"&DEC2HEX(HEX2DEC(G91)+IF(ISNUMBER(SEARCH("H",F91)),64,0)+IF(ISNUMBER(SEARCH("V",F91)),32,0)),2)&", $"&RIGHT("0"&DEC2HEX(HEX2DEC(M91)+IF(ISNUMBER(SEARCH("H",L91)),64,0)+IF(ISNUMBER(SEARCH("V",L91)),32,0)),2)&", $"&RIGHT("0"&DEC2HEX(HEX2DEC(J91)+IF(ISNUMBER(SEARCH("H",I91)),64,0)+IF(ISNUMBER(SEARCH("V",I91)),32,0)),2)&", $"&RIGHT("0"&DEC2HEX(HEX2DEC(P91)+IF(ISNUMBER(SEARCH("H",O91)),64,0)+IF(ISNUMBER(SEARCH("V",O91)),32,0)),2)&" ' "&B91&" - "&C91 -> DATA BYTE $CA, $C8, $CB, $C9, $44, $44, $44, $44 ' 52 - Zonk - HL
A92: 22 | B92: 55 | C92: Murphy (right) | D92: 96 | E92: 186 | F92: H | G92: 4 | H92: 184 | I92: H | J92: 0 | K92: 187 | L92: H | M92: 0 | N92: 185 | O92: H | P92: 0 | R92: ="DATA BYTE $"&RIGHT("0"&DEC2HEX(E92),2)&", $"&RIGHT("0"&DEC2HEX(K92),2)&", $"&RIGHT("0"&DEC2HEX(H92),2)&", $"&RIGHT("0"&DEC2HEX(N92),2)&", $"&RIGHT("0"&DEC2HEX(HEX2DEC(G92)+IF(ISNUMBER(SEARCH("H",F92)),64,0)+IF(ISNUMBER(SEARCH("V",F92)),32,0)),2)&", $"&RIGHT("0"&DEC2HEX(HEX2DEC(M92)+IF(ISNUMBER(SEARCH("H",L92)),64,0)+IF(ISNUMBER(SEARCH("V",L92)),32,0)),2)&", $"&RIGHT("0"&DEC2HEX(HEX2DEC(J92)+IF(ISNUMBER(SEARCH("H",I92)),64,0)+IF(ISNUMBER(SEARCH("V",I92)),32,0)),2)&", $"&RIGHT("0"&DEC2HEX(HEX2DEC(P92)+IF(ISNUMBER(SEARCH("H",O92)),64,0)+IF(ISNUMBER(SEARCH("V",O92)),32,0)),2)&" ' "&B92&" - "&C92 -> DATA BYTE $BA, $BB, $B8, $B9, $44, $40, $40, $40 ' 55 - Murphy (right)
A93: 23
A94: 24
A97: 0 | C97: UP | E97: 212 | G97: ="$"&DEC2HEX(E97+IF(ISNUMBER(SEARCH("H",F97)),2,0)+IF(ISNUMBER(SEARCH("V",F97)),1,0)) -> $D4 | H97: =" BYTE >"&RIGHT(G97,2)&" ; "&C97 -> BYTE >D4 ; UP
A98: 1 | C98: UP LEFT | E98: 216 | G98: ="$"&DEC2HEX(E98+IF(ISNUMBER(SEARCH("H",F98)),2,0)+IF(ISNUMBER(SEARCH("V",F98)),1,0)) -> $D8 | H98: =" BYTE >"&RIGHT(G98,2)&" ; "&C98 -> BYTE >D8 ; UP LEFT
A99: 2 | C99: LEFT | E99: 208 | G99: ="$"&DEC2HEX(E99+IF(ISNUMBER(SEARCH("H",F99)),2,0)+IF(ISNUMBER(SEARCH("V",F99)),1,0)) -> $D0 | H99: =" BYTE >"&RIGHT(G99,2)&" ; "&C99 -> BYTE >D0 ; LEFT
A100: 3 | C100: DOWN-LEFT | E100: 216 | F100: V | G100: ="$"&DEC2HEX(E100+IF(ISNUMBER(SEARCH("H",F100)),2,0)+IF(ISNUMBER(SEARCH("V",F100)),1,0)) -> $D9 | H100: =" BYTE >"&RIGHT(G100,2)&" ; "&C100 -> BYTE >D9 ; DOWN-LEFT
A101: 4 | C101: DOWN | E101: 212 | F101: V | G101: ="$"&DEC2HEX(E101+IF(ISNUMBER(SEARCH("H",F101)),2,0)+IF(ISNUMBER(SEARCH("V",F101)),1,0)) -> $D5 | H101: =" BYTE >"&RIGHT(G101,2)&" ; "&C101 -> BYTE >D5 ; DOWN
A102: 5 | C102: DOWN-RIGHT | E102: 216 | F102: HV | G102: ="$"&DEC2HEX(E102+IF(ISNUMBER(SEARCH("H",F102)),2,0)+IF(ISNUMBER(SEARCH("V",F102)),1,0)) -> $DB | H102: =" BYTE >"&RIGHT(G102,2)&" ; "&C102 -> BYTE >DB ; DOWN-RIGHT
A103: 6 | C103: RIGHT | E103: 208 | F103: H | G103: ="$"&DEC2HEX(E103+IF(ISNUMBER(SEARCH("H",F103)),2,0)+IF(ISNUMBER(SEARCH("V",F103)),1,0)) -> $D2 | H103: =" BYTE >"&RIGHT(G103,2)&" ; "&C103 -> BYTE >D2 ; RIGHT
A104: 7 | C104: UP-RIGHT | E104: 216 | F104: H | G104: ="$"&DEC2HEX(E104+IF(ISNUMBER(SEARCH("H",F104)),2,0)+IF(ISNUMBER(SEARCH("V",F104)),1,0)) -> $DA | H104: =" BYTE >"&RIGHT(G104,2)&" ; "&C104 -> BYTE >DA ; UP-RIGHT
A105: 8 | C105: UP | E105: 212 | G105: ="$"&DEC2HEX(E105+IF(ISNUMBER(SEARCH("H",F105)),2,0)+IF(ISNUMBER(SEARCH("V",F105)),1,0)) -> $D4 | H105: =" BYTE >"&RIGHT(G105,2)&" ; "&C105 -> BYTE >D4 ; UP
A106: 9 | C106: UP-RIGHT | E106: 216 | F106: H | G106: ="$"&DEC2HEX(E106+IF(ISNUMBER(SEARCH("H",F106)),2,0)+IF(ISNUMBER(SEARCH("V",F106)),1,0)) -> $DA | H106: =" BYTE >"&RIGHT(G106,2)&" ; "&C106 -> BYTE >DA ; UP-RIGHT
A107: 10 | C107: RIGHT | E107: 208 | F107: H | G107: ="$"&DEC2HEX(E107+IF(ISNUMBER(SEARCH("H",F107)),2,0)+IF(ISNUMBER(SEARCH("V",F107)),1,0)) -> $D2 | H107: =" BYTE >"&RIGHT(G107,2)&" ; "&C107 -> BYTE >D2 ; RIGHT
A108: 11 | C108: DOWN-RIGHT | E108: 216 | F108: HV | G108: ="$"&DEC2HEX(E108+IF(ISNUMBER(SEARCH("H",F108)),2,0)+IF(ISNUMBER(SEARCH("V",F108)),1,0)) -> $DB | H108: =" BYTE >"&RIGHT(G108,2)&" ; "&C108 -> BYTE >DB ; DOWN-RIGHT
A109: 12 | C109: DOWN | E109: 212 | F109: V | G109: ="$"&DEC2HEX(E109+IF(ISNUMBER(SEARCH("H",F109)),2,0)+IF(ISNUMBER(SEARCH("V",F109)),1,0)) -> $D5 | H109: =" BYTE >"&RIGHT(G109,2)&" ; "&C109 -> BYTE >D5 ; DOWN
A110: 13 | C110: DOWN-LEFT | E110: 216 | F110: V | G110: ="$"&DEC2HEX(E110+IF(ISNUMBER(SEARCH("H",F110)),2,0)+IF(ISNUMBER(SEARCH("V",F110)),1,0)) -> $D9 | H110: =" BYTE >"&RIGHT(G110,2)&" ; "&C110 -> BYTE >D9 ; DOWN-LEFT
A111: 14 | C111: LEFT | E111: 208 | G111: ="$"&DEC2HEX(E111+IF(ISNUMBER(SEARCH("H",F111)),2,0)+IF(ISNUMBER(SEARCH("V",F111)),1,0)) -> $D0 | H111: =" BYTE >"&RIGHT(G111,2)&" ; "&C111 -> BYTE >D0 ; LEFT
A112: 15 | C112: UP-LEFT | E112: 216 | G112: ="$"&DEC2HEX(E112+IF(ISNUMBER(SEARCH("H",F112)),2,0)+IF(ISNUMBER(SEARCH("V",F112)),1,0)) -> $D8 | H112: =" BYTE >"&RIGHT(G112,2)&" ; "&C112 -> BYTE >D8 ; UP-LEFT
A113: 16 | C113: UP | E113: 212 | G113: ="$"&DEC2HEX(E113+IF(ISNUMBER(SEARCH("H",F113)),2,0)+IF(ISNUMBER(SEARCH("V",F113)),1,0)) -> $D4 | H113: =" BYTE >"&RIGHT(G113,2)&" ; "&C113 -> BYTE >D4 ; UP
A114: 17 | C114: UP | E114: 212 | G114: ="$"&DEC2HEX(E114+IF(ISNUMBER(SEARCH("H",F114)),2,0)+IF(ISNUMBER(SEARCH("V",F114)),1,0)) -> $D4 | H114: =" BYTE >"&RIGHT(G114,2)&" ; "&C114 -> BYTE >D4 ; UP
A115: 18 | C115: UP | E115: 212 | G115: ="$"&DEC2HEX(E115+IF(ISNUMBER(SEARCH("H",F115)),2,0)+IF(ISNUMBER(SEARCH("V",F115)),1,0)) -> $D4 | H115: =" BYTE >"&RIGHT(G115,2)&" ; "&C115 -> BYTE >D4 ; UP
A116: 19 | C116: UP (MED) | E116: 224 | G116: ="$"&DEC2HEX(E116+IF(ISNUMBER(SEARCH("H",F116)),2,0)+IF(ISNUMBER(SEARCH("V",F116)),1,0)) -> $E0 | H116: =" BYTE >"&RIGHT(G116,2)&" ; "&C116 -> BYTE >E0 ; UP (MED)
A117: 20 | C117: UP (MED) | E117: 224 | G117: ="$"&DEC2HEX(E117+IF(ISNUMBER(SEARCH("H",F117)),2,0)+IF(ISNUMBER(SEARCH("V",F117)),1,0)) -> $E0 | H117: =" BYTE >"&RIGHT(G117,2)&" ; "&C117 -> BYTE >E0 ; UP (MED)
A118: 21 | C118: UP (WIDE) | E118: 228 | G118: ="$"&DEC2HEX(E118+IF(ISNUMBER(SEARCH("H",F118)),2,0)+IF(ISNUMBER(SEARCH("V",F118)),1,0)) -> $E4 | H118: =" BYTE >"&RIGHT(G118,2)&" ; "&C118 -> BYTE >E4 ; UP (WIDE)
A119: 22 | C119: UP (WIDE) | E119: 228 | G119: ="$"&DEC2HEX(E119+IF(ISNUMBER(SEARCH("H",F119)),2,0)+IF(ISNUMBER(SEARCH("V",F119)),1,0)) -> $E4 | H119: =" BYTE >"&RIGHT(G119,2)&" ; "&C119 -> BYTE >E4 ; UP (WIDE)
A120: 23 | C120: UP (MED) | E120: 224 | G120: ="$"&DEC2HEX(E120+IF(ISNUMBER(SEARCH("H",F120)),2,0)+IF(ISNUMBER(SEARCH("V",F120)),1,0)) -> $E0 | H120: =" BYTE >"&RIGHT(G120,2)&" ; "&C120 -> BYTE >E0 ; UP (MED)
A121: 24 | C121: LEFT | E121: 208 | G121: ="$"&DEC2HEX(E121+IF(ISNUMBER(SEARCH("H",F121)),2,0)+IF(ISNUMBER(SEARCH("V",F121)),1,0)) -> $D0 | H121: =" BYTE >"&RIGHT(G121,2)&" ; "&C121 -> BYTE >D0 ; LEFT
A122: 25 | C122: LEFT (SMALL) | E122: 232 | G122: ="$"&DEC2HEX(E122+IF(ISNUMBER(SEARCH("H",F122)),2,0)+IF(ISNUMBER(SEARCH("V",F122)),1,0)) -> $E8 | H122: =" BYTE >"&RIGHT(G122,2)&" ; "&C122 -> BYTE >E8 ; LEFT (SMALL)
... A128: 31 | C128: LEFT | E128: 208 | G128: ="$"&DEC2HEX(E128+IF(ISNUMBER(SEARCH("H",F128)),2,0)+IF(ISNUMBER(SEARCH("V",F128)),1,0)) -> $D0 | H128: =" BYTE >"&RIGHT(G128,2)&" ; "&C128 -> BYTE >D0 ; LEFT
A129: 32 | C129: DOWN | E129: 212 | F129: V | G129: ="$"&DEC2HEX(E129+IF(ISNUMBER(SEARCH("H",F129)),2,0)+IF(ISNUMBER(SEARCH("V",F129)),1,0)) -> $D5 | H129: =" BYTE >"&RIGHT(G129,2)&" ; "&C129 -> BYTE >D5 ; DOWN
A130: 33 | C130: DOWN | E130: 212 | F130: V | G130: ="$"&DEC2HEX(E130+IF(ISNUMBER(SEARCH("H",F130)),2,0)+IF(ISNUMBER(SEARCH("V",F130)),1,0)) -> $D5 | H130: =" BYTE >"&RIGHT(G130,2)&" ; "&C130 -> BYTE >D5 ; DOWN
A131: 34 | C131: DOWN | E131: 212 | F131: V | G131: ="$"&DEC2HEX(E131+IF(ISNUMBER(SEARCH("H",F131)),2,0)+IF(ISNUMBER(SEARCH("V",F131)),1,0)) -> $D5 | H131: =" BYTE >"&RIGHT(G131,2)&" ; "&C131 -> BYTE >D5 ; DOWN
A132: 35 | C132: DOWN (MID) | E132: 224 | F132: V | G132: ="$"&DEC2HEX(E132+IF(ISNUMBER(SEARCH("H",F132)),2,0)+IF(ISNUMBER(SEARCH("V",F132)),1,0)) -> $E1 | H132: =" BYTE >"&RIGHT(G132,2)&" ; "&C132 -> BYTE >E1 ; DOWN (MID)
A133: 36 | C133: DOWN (MID) | E133: 224 | F133: V | G133: ="$"&DEC2HEX(E133+IF(ISNUMBER(SEARCH("H",F133)),2,0)+IF(ISNUMBER(SEARCH("V",F133)),1,0)) -> $E1 | H133: =" BYTE >"&RIGHT(G133,2)&" ; "&C133 -> BYTE >E1 ; DOWN (MID)
A134: 37 | C134: DOWN (WIDE) | E134: 228 | F134: V | G134: ="$"&DEC2HEX(E134+IF(ISNUMBER(SEARCH("H",F134)),2,0)+IF(ISNUMBER(SEARCH("V",F134)),1,0)) -> $E5 | H134: =" BYTE >"&RIGHT(G134,2)&" ; "&C134 -> BYTE >E5 ; DOWN (WIDE)
...

Sheet Sheet2
A1: 0 | B1: =TEXT(C1,"00") -> 00 | C1: 0
A2: 1 | B2: =TEXT(C2,"00") -> 00 | C2: 0
A3: 2 | B3: =TEXT(C3,"00") -> 04 | C3: 4
A4: 3 | B4: =TEXT(C4,"00") -> 04 | C4: 4
A5: 4 | B5: =TEXT(C5,"00") -> 04 | C5: 4
A6: 5 | B6: =TEXT(C6,"00") -> 04 | C6: 4
A7: 6 | B7: =TEXT(C7,"00") -> 04 | C7: 4
A8: 7 | B8: =TEXT(C8,"00") -> 04 | C8: 4
A9: 8 | B9: =TEXT(C9,"00") -> 02 | C9: 2
A10: 9 | B10: =TEXT(C10,"00") -> 02 | C10: 2
A11: 10 | B11: =TEXT(C11,"00") -> 02 | C11: 2
A12: 11 | B12: =TEXT(C12,"00") -> 02 | C12: 2
... A32: 31 | B32: =TEXT(C32,"00") -> 04 | C32: 4
A33: 32 | B33: =TEXT(C33,"00") -> 00
A34: 33 | B34: =TEXT(C34,"00") -> 00
A35: 34 | B35: =TEXT(C35,"00") -> 00
A36: 35 | B36: =TEXT(C36,"00") -> 00
A37: 36 | B37: =TEXT(C37,"00") -> 00
A38: 37 | B38: =TEXT(C38,"00") -> 00
A39: 38 | B39: =TEXT(C39,"00") -> 00
A40: 39 | B40: =TEXT(C40,"00") -> 00
A41: 40 | B41: =TEXT(C41,"00") -> 00
A42: 41 | B42: =TEXT(C42,"00") -> 00
A43: 42 | B43: =TEXT(C43,"00") -> 00
A44: 43 | B44: =TEXT(C44,"00") -> 00
... A96: 95 | B96: =TEXT(C96,"00") -> 00
A97: 96 | B97: =TEXT(C97,"00") -> 0C | C97: 0C
A98: 97 | B98: =TEXT(C98,"00") -> 0C | C98: 0C
A99: 98 | B99: =TEXT(C99,"00") -> 0C | C99: 0C
A100: 99 | B100: =TEXT(C100,"00") -> 0C | C100: 0C
A101: 100 | B101: =TEXT(C101,"00") -> 02 | C101: 2
A102: 101 | B102: =TEXT(C102,"00") -> 02 | C102: 2
A103: 102 | B103: =TEXT(C103,"00") -> 02 | C103: 2
A104: 103 | B104: =TEXT(C104,"00") -> 02 | C104: 2
A105: 104 | B105: =TEXT(C105,"00") -> 00 | C105: 0
A106: 105 | B106: =TEXT(C106,"00") -> 00 | C106: 0
A107: 106 | B107: =TEXT(C107,"00") -> 00 | C107: 0
A108: 107 | B108: =TEXT(C108,"00") -> 00 | C108: 0
A109: 108 | B109: =TEXT(C109,"00") -> 0A | C109: 0A
A110: 109 | B110: =TEXT(C110,"00") -> 0A | C110: 0A
A111: 110 | B111: =TEXT(C111,"00") -> 0A | C111: 0A
A112: 111 | B112: =TEXT(C112,"00") -> 0A | C112: 0A
A113: 112 | B113: =TEXT(C113,"00") -> 0A | C113: 0A
A114: 113 | B114: =TEXT(C114,"00") -> 0A | C114: 0A
A115: 114 | B115: =TEXT(C115,"00") -> 0A | C115: 0A
A116: 115 | B116: =TEXT(C116,"00") -> 0A | C116: 0A
A117: 116 | B117: =TEXT(C117,"00") -> 0C | C117: 0C
A118: 117 | B118: =TEXT(C118,"00") -> 0C | C118: 0C
A119: 118 | B119: =TEXT(C119,"00") -> 0C | C119: 0C
A120: 119 | B120: =TEXT(C120,"00") -> 04 | C120: 4
A121: 120 | B121: =TEXT(C121,"00") -> 04 | C121: 4
A122: 121 | B122: =TEXT(C122,"00") -> 04 | C122: 4
A123: 122 | B123: =TEXT(C123,"00") -> 04 | C123: 4
A124: 123 | B124: =TEXT(C124,"00") -> 04 | C124: 4
A125: 124 | B125: =TEXT(C125,"00") -> 04 | C125: 4
A126: 125 | B126: =TEXT(C126,"00") -> 04 | C126: 4
A127: 126 | B127: =TEXT(C127,"00") -> 04 | C127: 4
A128: 127 | B128: =TEXT(C128,"00") -> 04 | C128: 4
A129: 128 | B129: =TEXT(C129,"00") -> 04 | C129: 4
A130: 129 | B130: =TEXT(C130,"00") -> 04 | C130: 4
A131: 130 | B131: =TEXT(C131,"00") -> 04 | C131: 4
... A145: 144 | B145: =TEXT(C145,"00") -> 02 | C145: 2
A146: 145 | B146: =TEXT(C146,"00") -> 0A | C146: 0A
A147: 146 | B147: =TEXT(C147,"00") -> 0A | C147: 0A
A148: 147 | B148: =TEXT(C148,"00") -> 0A | C148: 0A
A149: 148 | B149: =TEXT(C149,"00") -> 0A | C149: 0A
A150: 149 | B150: =TEXT(C150,"00") -> 0A | C150: 0A
A151: 150 | B151: =TEXT(C151,"00") -> 0A | C151: 0A
A152: 151 | B152: =TEXT(C152,"00") -> 0A | C152: 0A
A153: 152 | B153: =TEXT(C153,"00") -> 0A | C153: 0A
A154: 153 | B154: =TEXT(C154,"00") -> 0A | C154: 0A
A155: 154 | B155: =TEXT(C155,"00") -> 0A | C155: 0A
A156: 155 | B156: =TEXT(C156,"00") -> 0A | C156: 0A
A157: 156 | B157: =TEXT(C157,"00") -> 0A | C157: 0A
... A160: 159 | B160: =TEXT(C160,"00") -> 0A | C160: 0A
A161: 160 | B161: =TEXT(C161,"00") -> 06 | C161: 6
A162: 161 | B162: =TEXT(C162,"00") -> 06 | C162: 6
A163: 162 | B163: =TEXT(C163,"00") -> 06 | C163: 6
A164: 163 | B164: =TEXT(C164,"00") -> 06 | C164: 6
A165: 164 | B165: =TEXT(C165,"00") -> 02 | C165: 2
A166: 165 | B166: =TEXT(C166,"00") -> 02 | C166: 2
A167: 166 | B167: =TEXT(C167,"00") -> 02 | C167: 2
A168: 167 | B168: =TEXT(C168,"00") -> 02 | C168: 2
A169: 168 | B169: =TEXT(C169,"00") -> 02 | C169: 2
A170: 169 | B170: =TEXT(C170,"00") -> 02 | C170: 2
A171: 170 | B171: =TEXT(C171,"00") -> 02 | C171: 2
A172: 171 | B172: =TEXT(C172,"00") -> 02 | C172: 2
... A213: 212 | B213: =TEXT(C213,"00") -> 00 | C213: 0
A214: 213 | B214: =TEXT(C214,"00") -> 00
A215: 214 | B215: =TEXT(C215,"00") -> 00
A216: 215 | B216: =TEXT(C216,"00") -> 00
A217: 216 | B217: =TEXT(C217,"00") -> 00
A218: 217 | B218: =TEXT(C218,"00") -> 00
A219: 218 | B219: =TEXT(C219,"00") -> 00
A220: 219 | B220: =TEXT(C220,"00") -> 00
A221: 220 | B221: =TEXT(C221,"00") -> 00
A222: 221 | B222: =TEXT(C222,"00") -> 00
A223: 222 | B223: =TEXT(C223,"00") -> 00
A224: 223 | B224: =TEXT(C224,"00") -> 00
A225: 224 | B225: =TEXT(C225,"00") -> 00
...

Sheet Sheet3
